ID;SEX;BM;AREA_TYPE;AREA;YEAR;order;repeatability;surv;reprod;age;SHYNESS4;EXPLORATION4;ACTIVITY4.oft;SOCIABILITY3;AVOIDANCE3;OTHER3.mis;ALERT3
2497;F;290;RED;VAL;2016;1;Y;1;1;6;0.533206075;0.33564199;0.743810458;0.127919181;0.856716369;0.063959586;0.464246605
2497;F;350;RED;VAL;2017;2;Y;1;1;6;0.674099228;0.374022598;0.619197269;0.080327701;0.957800647;0.259153529;0
2872;M;300;RED;VAL;2016;1;Y;1;#N/A;7;0.540563423;0.25954224;0.739008078;0;0.847373738;0.275364379;0.441572445
2872;M;280;RED;VAL;2016;2;Y;#N/A;#N/A;#N/A;0.920609997;0.062091331;0.377388863;0.960873484;0;0.201603065;0.163741216
2872;M;295;RED;VAL;2017;3;Y;1;#N/A;7;0.733341131;0.291943988;0.598384768;0;0.925681046;0.367000888;0
2872;M;285;RED;VAL;2017;4;Y;#N/A;#N/A;#N/A;0.907510592;0.072403677;0.39808043;0.936244935;0;0.28012048;0.105690534
2904;M;295;RED;VAL;2016;1;N;0;#N/A;6;0.877745923;0.193777578;0.37273899;0;0.898357793;0.068269701;0.409793473
2905;F;360;RED;VAL;2016;1;Y;1;#N/A;6;0.828897867;0.249696216;0.495657259;0.936903154;0;0.298709626;0.148210261
2905;F;340;RED;VAL;2017;2;Y;0;#N/A;6;0.805385952;0.309152976;0.502342368;0.83909404;0.36200504;0.392940925;0.062286215
2945;M;300;RED;VAL;2016;1;N;0;#N/A;6;0.925767684;0.177733649;0.32999601;0;0.952347884;0.16776736;0.228468218
3365;M;320;RED-GREY;C03-17;2016;1;Y;0;#N/A;5;0.584769204;0.18347165;0.770614841;0.200342128;0.818553282;0.097956012;0.522783954
3365;M;320;RED-GREY;C03-17;2016;2;Y;#N/A;#N/A;#N/A;0.710221122;0.319658751;0.620428558;0;0.93388753;0.237329566;0.230725008
3393;M;310;RED-GREY;C03-17;2016;1;N;1;#N/A;5;0.581363568;0.468204525;0.612989349;0;0.628529969;0;0.758650598
4115;M;320;RED;VAL;2016;1;Y;1;#N/A;5;0.690961559;0.13785993;0.664358443;0;0.791254511;0.313922534;0.518838004
4115;M;300;RED;VAL;2017;2;Y;0;#N/A;5;0.703780298;0.285202918;0.629962853;0.821366594;0.159474329;0.543766104;0
4136;F;345;RED-GREY;Sal-Passat;2016;1;Y;1;1;6;0.621244469;0.261945235;0.708668388;0;0.917215283;0;0.384334305
4136;F;345;RED-GREY;Sal-Passat;2016;2;Y;#N/A;#N/A;#N/A;0.66484407;0.246391983;0.658181756;0;0.954927733;0.290598373;0
4136;F;375;RED-GREY;Sal-Passat;2017;3;Y;1;1;6;0.902030121;0;0.430180014;0.900824581;0.307219323;0.287400409;0.066605577
4136;F;325;RED-GREY;Sal-Passat;2017;4;Y;#N/A;#N/A;#N/A;0.734206309;0.059104645;0.645263129;0.317946199;0.683304636;0.595877;0.271045431
4147;M;315;RED;VAL;2016;1;Y;1;#N/A;5;0.841514411;0.147303404;0.465412005;0.14810408;0.854605154;0.33678649;0.358945421
4147;M;310;RED;VAL;2016;2;Y;#N/A;#N/A;#N/A;0.911893213;0.107086979;0.369041488;0.909407599;0;0.378720883;0.152259331
4147;M;340;RED;VAL;2017;3;Y;1;#N/A;5;0.847449148;0.166794569;0.488045509;0.158251074;0.805407752;0.44713473;0.339461889
4147;M;310;RED;VAL;2017;4;Y;#N/A;#N/A;#N/A;0.857835612;0.169908371;0.467141999;0.093544266;0.90523017;0.305957597;0.240926052
4289;M;335;RED;BOR;2016;1;Y;1;#N/A;3;0.821695038;0.201511863;0.532240731;0;0.978736248;0;0.157445666
4289;M;320;RED;BOR;2016;2;Y;#N/A;#N/A;#N/A;0.928653169;0;0.367341159;0;0.874171819;0;0.468384428
4412;F;300;RED-GREY;C03-17;2016;1;Y;1;1;4;0.353503969;0.264862824;0.845688725;0.351631169;0.761908346;0.276862922;0.457133948
4412;F;360;RED-GREY;C03-17;2016;2;Y;#N/A;#N/A;#N/A;0.820720214;0.37431071;0.410159781;0;0.59825927;0.189629268;0.768261365
4416;M;295;RED-GREY;C03-17;2016;1;Y;1;#N/A;3;0.656673442;0.503462165;0.535852869;0;0.985959525;0.148937342;0
4416;M;320;RED-GREY;C03-17;2017;2;Y;1;#N/A;3;0.939477199;0.060394468;0.326274833;0;0.989298581;0.134138744;0
4416;M;330;RED-GREY;C03-17;2017;3;Y;#N/A;#N/A;#N/A;0.83685149;0.145279595;0.523207432;0.792164133;0.263108826;0.221641303;0.501390808
4467;M;325;RED-GREY;C03-17;2016;1;Y;1;#N/A;3;0.839859134;0.158056759;0.497900176;0;0.962872968;0.078839478;0.239743284
4467;M;310;RED-GREY;C03-17;2016;2;Y;#N/A;#N/A;#N/A;0.914773802;0.314650523;0.249627101;0;0.987952577;0.140357606;0
4467;M;320;RED-GREY;C03-17;2017;3;Y;1;#N/A;3;0.964272241;0.117687884;0.226030665;0;0.969750108;0;0.204271647
4467;M;320;RED-GREY;C03-17;2017;4;Y;#N/A;#N/A;#N/A;0.918695839;0.216291333;0.316225202;0;0.984089959;0.165631016;0
4488;M;325;RED;VAL;2016;1;Y;1;#N/A;4;0.86738732;0.132201717;0.3795009;0;0.921324419;0.100357311;0.35568763
4488;M;305;RED;VAL;2016;2;Y;#N/A;#N/A;#N/A;0.932056122;0.155946901;0.244450403;0;0.972572122;0.175508984;0.121977268
4488;M;305;RED;VAL;2017;3;Y;1;#N/A;4;0.893258928;0.195446417;0.398295123;0.172029492;0.923258048;0.32869133;0
4488;M;310;RED;VAL;2017;4;Y;#N/A;#N/A;#N/A;0.951963575;0.108504508;0.282640404;0.910969308;0;0.251384602;0.316211338
4544;M;315;RED-GREY;C03-17;2016;1;Y;1;#N/A;3;0.827102279;0.184939868;0.529136894;0;0.918474159;0.086457343;0.370981936
4544;M;330;RED-GREY;C03-17;2016;2;Y;#N/A;#N/A;#N/A;0.931346778;0.1577288;0.324784399;0;0.921801266;0.136669911;0.349855871
4544;M;350;RED-GREY;C03-17;2017;3;Y;1;#N/A;3;0.878909166;0.1352248;0.448847165;0;0.95789228;0.141737917;0.242967629
4544;M;340;RED-GREY;C03-17;2017;4;Y;#N/A;#N/A;#N/A;0.896006561;0.234820893;0.336743653;0.09725041;0.909600503;0.358183207;0.155489923
4560;M;300;RED;VAL;2016;1;Y;1;#N/A;3;0.896394829;0.144391613;0.39761064;0;0.921021915;0;0.371462487
4560;M;320;RED;VAL;2017;2;Y;0;#N/A;3;0.893487636;0.217470301;0.388884508;0.964931905;0;0.140077229;0.198500787
4563;M;330;RED;VAL;2016;1;Y;1;#N/A;3;0.153375668;0.396209599;0.90351463;0.709438539;0.108603983;0.571374622;0.338835494
4563;M;330;RED;VAL;2016;2;Y;#N/A;#N/A;#N/A;0.538683495;0.358240649;0.713526931;0.143971316;0.814443145;0.456779224;0.247322998
4580;M;300;RED;FRA;2016;1;Y;1;#N/A;4;0.863474403;0.181138547;0.438267042;0;0.890171367;0.283728613;0.340267629
4580;M;285;RED;FRA;2016;2;Y;#N/A;#N/A;#N/A;0.883917563;0.202003703;0.34801337;0;0.828006085;0.221806037;0.507511909
4580;M;310;RED;FRA;2017;3;Y;1;#N/A;4;0.77910188;0.132332346;0.593445999;0.248499822;0.926862064;0.276839649;0
4580;M;295;RED;FRA;2017;4;Y;#N/A;#N/A;#N/A;0.825623249;0.179914054;0.48501851;0.819073806;0;0.383589589;0.421616013
4581;F;300;RED;BOR;2016;1;N;0;1;2;0.800279216;0.2604691;0.538564203;0;0.899701382;0.273111407;0.326384674
4585;M;280;RED;BOR;2016;1;Y;1;#N/A;3;0.663722127;0.238926016;0.658844595;0.164166282;0.823893917;0.376038886;0.381493284
4585;M;290;RED;BOR;2016;2;Y;#N/A;#N/A;#N/A;0.797189508;0.171364175;0.576282015;0.254387465;0.710510021;0.404188889;0.504927996
4585;M;290;RED;BOR;2017;3;Y;0;#N/A;3;0.487830163;0.486673275;0.720315901;0.089010649;0.827127921;0.461357647;0.299054206
4590;F;355;RED-GREY;Sal-Passat;2016;1;Y;1;1;2;0.749984726;0.152522874;0.590228212;0;0.96244251;0.135742783;0.213248794
4590;F;360;RED-GREY;Sal-Passat;2016;2;Y;#N/A;#N/A;#N/A;0.920203767;0.222361895;0.321234973;0;0.882768826;0.185044332;0.422377018
4596;M;310;RED;VAL;2016;1;N;0;#N/A;2;0.817271251;0.20032828;0.48012241;0.164131916;0.731998183;0.480612891;0.451093505
4647;F;330;RED;FRA;2016;1;Y;1;1;2;0.342303287;0.34474245;0.856982432;0.227954691;0.201871514;0.750680452;0.554130044
4647;F;375;RED;FRA;2016;2;Y;#N/A;#N/A;#N/A;0.562314369;0.280618654;0.73293517;0;0.722028476;0.498457883;0.469904379
4659;M;265;RED;BOR;2016;1;Y;1;#N/A;1;0.853623047;0.059679461;0.496589646;0.786732404;0.25379875;0.420295717;0.352816899
4659;M;285;RED;BOR;2016;2;Y;#N/A;#N/A;#N/A;0.700547398;0.231263915;0.634894722;0;0.706720037;0.205564857;0.663298604
4675;F;310;RED;VAL;2016;1;N;1;0;3;0.635087177;0.261658048;0.681552408;0;0.87501396;0.25132898;0.399332665
4680;M;305;RED;VAL;2017;1;Y;1;#N/A;4;0.252787043;0.370704911;0.87435459;0.307792475;0.419879915;0.847160641;0.075111583
4680;M;295;RED;VAL;2017;2;Y;#N/A;#N/A;#N/A;0.676416745;0.16999313;0.69680921;0.075293193;0.853576494;0.328705033;0.391767583
4683;M;315;RED;VAL;2016;1;Y;1;#N/A;4;0.675857004;0.194205898;0.683098951;0.195909123;0.326253069;0.784749105;0.475933046
4683;M;310;RED;VAL;2016;2;Y;#N/A;#N/A;#N/A;0.804979124;0.285050063;0.516075478;0.951196874;0;0.161933356;0.237910993
4683;M;325;RED;VAL;2017;3;Y;1;#N/A;4;0.872436623;0.15769633;0.459224097;0.150210621;0.910468835;0.357268689;0.117542967
4683;M;325;RED;VAL;2017;4;Y;#N/A;#N/A;#N/A;0.867734526;0.141603743;0.459394498;0;0.839720732;0.212860293;0.495288412
4687;F;285;RED;VAL;2016;1;Y;1;0;2;0.838933576;0.209336535;0.452622183;0;0.967018301;0.200107774;0.108837155
4687;F;300;RED;VAL;2016;2;Y;#N/A;#N/A;#N/A;0.862520725;0.151694077;0.436541226;0;0.863643994;0.112784371;0.47666467
4690;M;345;RED-GREY;C03-17;2016;1;N;0;#N/A;2;0.831247772;0.111375069;0.541851325;0.972039802;0;0.101094682;0.189474863
4691;M;295;RED-GREY;C03-17;2016;1;Y;1;#N/A;3;0.823105883;0.410949808;0.377950094;0.129404318;0.897610704;0.252640644;0.332937417
4691;M;320;RED-GREY;C03-17;2017;2;Y;1;#N/A;3;0.85015264;0.17288647;0.479988537;0.162755422;0.744617756;0.468473071;0.408551289
4691;M;330;RED-GREY;C03-17;2017;3;Y;#N/A;#N/A;#N/A;0.866964349;0.142202748;0.443877861;0;0.935608263;0.207122035;0.278539319
4700;F;325;RED-GREY;C03-17;2016;1;Y;1;1;3;0.891664466;0.068606077;0.392509612;0.171036089;0.925561483;0;0.30833769
4700;F;335;RED-GREY;C03-17;2016;2;Y;#N/A;#N/A;#N/A;0.782309099;0.306761811;0.520786331;0.11089745;0.818955587;0.190860611;0.455846646
4700;F;300;RED-GREY;C03-17;2017;3;Y;0;1;3;0.777715683;0.187273806;0.575154987;0.523760649;0.404350293;0.437569791;0.572161386
4702;M;335;RED-GREY;C03-17;2016;1;Y;1;#N/A;4;0.809136953;0.184975562;0.555058677;0.974229766;0;0.130004202;0.135375356
4702;M;320;RED-GREY;C03-17;2016;2;Y;#N/A;#N/A;#N/A;0.903008356;0.229602213;0.337561454;0.13489185;0.698833581;0.219694392;0.662546844
4702;M;340;RED-GREY;C03-17;2017;3;Y;1;#N/A;4;0.884493841;0.066688549;0.435600297;0.069704119;0.664451206;0.258434704;0.695530992
4702;M;330;RED-GREY;C03-17;2017;4;Y;#N/A;#N/A;#N/A;0.908828965;0.076207432;0.406287942;0.068461692;0.899765705;0.192028257;0.358010192
4727;M;290;RED-GREY;C06-04;2016;1;Y;1;#N/A;3;0;0.255634666;0.960438033;0.183815279;0.70923646;0.404641371;0.540683322
4727;M;280;RED-GREY;C06-04;2017;2;Y;1;#N/A;3;0.474204916;0.203238939;0.836945554;0.661526402;0;0.694539903;0.185556937
4727;M;300;RED-GREY;C06-04;2017;3;Y;#N/A;#N/A;#N/A;0.454558291;0.115829225;0.87236761;0.610892449;0;0.738702927;0.248210193
4755;F;340;RED-GREY;C06-04;2016;1;Y;1;1;3;0.770322991;0.220780515;0.564757773;0.207460928;0.905114717;0.237841353;0.268309679
4755;F;345;RED-GREY;C06-04;2016;2;Y;#N/A;#N/A;#N/A;0.744549414;0.343003936;0.507620464;0.891175658;0.28747672;0.319636336;0
4756;M;325;RED-GREY;C06-04;2016;1;Y;1;#N/A;4;0.779667972;0.221740745;0.555260276;0.200034577;0.895755744;0.083160711;0.360478847
4756;M;340;RED-GREY;C06-04;2016;2;Y;#N/A;#N/A;#N/A;0.855033203;0.302733335;0.388731552;0;0.962300982;0.12634985;0.225902408
4756;M;330;RED-GREY;C06-04;2017;3;Y;1;#N/A;4;0.722806981;0.162986584;0.663402484;0.257902115;0.735147494;0.5272333;0.331414134
4756;M;340;RED-GREY;C06-04;2017;4;Y;#N/A;#N/A;#N/A;0.825084325;0.14874494;0.527436464;0.855141924;0.053229791;0.420222791;0.294081045
4760;M;305;RED-GREY;C06-04;2016;1;Y;0;#N/A;2;0.612437194;0.270305868;0.712874585;0.176625447;0.856379831;0.24142394;0.413161744
4760;M;320;RED-GREY;C06-04;2016;2;Y;#N/A;#N/A;#N/A;0.743426782;0.124339573;0.584220527;0.209546563;0.691272723;0.642767206;0.250169353
4818;F;290;RED-GREY;C06-04;2016;1;Y;1;1;3;0.219026543;0.311322563;0.816593047;0.712465728;0.17205453;0.43019719;0.416240418
4818;F;290;RED-GREY;C06-04;2017;2;Y;1;0;3;0.370278568;0.212079548;0.850257792;0.443993454;0.338011988;0.72264085;0.320329059
4853;M;360;RED-GREY;C03-17;2016;1;Y;1;#N/A;2;0.30926456;0.242319513;0.863772247;0.654904211;0;0.659424925;0.29766585
4853;M;340;RED-GREY;C03-17;2016;2;Y;#N/A;#N/A;#N/A;0.77538843;0.413298723;0.380064437;0.705341865;0.561222974;0.389024407;0.171842235
4853;M;370;RED-GREY;C03-17;2017;3;Y;0;#N/A;2;0.877668387;0.141669252;0.376732617;0.816373077;0;0.406097714;0.403843707
4854;M;340;RED-GREY;C06-04;2016;1;Y;1;#N/A;2;0.614659334;0.282502814;0.718707501;0.160925394;0.765086939;0.524382308;0.313005277
4854;M;350;RED-GREY;C06-04;2016;2;Y;#N/A;#N/A;#N/A;0.87818036;0.114399316;0.463320557;0.083929473;0.919561324;0.379321056;0
4868;F;305;RED-GREY;C06-04;2016;1;Y;1;1;2;0.09683789;0.347439148;0.895643343;0.744088513;0.180530197;0.57252085;0.279654332
4868;F;315;RED-GREY;C06-04;2016;2;Y;#N/A;#N/A;#N/A;0.767610756;0.28487024;0.527314144;0.636546057;0;0.512164576;0.560030014
4871;F;370;RED-GREY;Sal-Passat;2016;1;Y;1;1;2;0.813346911;0.184097891;0.518444825;0.922239051;0;0.162647285;0.334675065
4871;F;340;RED-GREY;Sal-Passat;2016;2;Y;#N/A;#N/A;#N/A;0.806788952;0.404501487;0.334771624;0.750235438;0.602011101;0.126834403;0.238167399
4874;M;305;RED-GREY;C03-17;2016;1;Y;1;#N/A;3;0.558297153;0.619448837;0.550570423;0.314448474;0.831484138;0.226204088;0.356991318
4874;M;340;RED-GREY;C03-17;2017;2;Y;1;#N/A;3;0.734704564;0.145141921;0.638676588;0.194815727;0.845505398;0.325541344;0.36963105
4874;M;360;RED-GREY;C03-17;2017;3;Y;#N/A;#N/A;#N/A;0.823756509;0.112693042;0.50952;0.214685907;0.876614472;0.389829781;0.169808501
4984;M;275;RED;VAL;2016;1;N;0;#N/A;1;0.817499524;0.12952242;0.558344153;0.228165053;0.605640282;0.605822156;0.451927112
4991;M;305;RED;VAL;2016;1;Y;1;#N/A;3;0.836062529;0.163535877;0.458832433;0;0.860142102;0.07555703;0.485735176
4991;M;305;RED;VAL;2017;2;Y;1;#N/A;3;0.750389256;0.334441954;0.568293445;0.845073944;0;0.469346604;0.245343766
4991;M;325;RED;VAL;2017;3;Y;#N/A;#N/A;#N/A;0.932148173;0.083699099;0.335109079;0.834693491;0.136639194;0.413504845;0.317128665
4998;F;335;RED;VAL;2016;1;Y;1;1;3;0.575219249;0.246978751;0.757015523;0;0.88495105;0.150393637;0.434489758
4998;F;330;RED;VAL;2016;2;Y;#N/A;#N/A;#N/A;0.936423205;0.056494451;0.338710437;0;0.875127465;0;0.473796997
5015;F;300;RED;VAL;2017;1;N;1;1;3;0.843040123;0.181773698;0.488801335;0;0.973060751;0.204967154;0
5016;M;275;RED;VAL;2016;1;Y;1;#N/A;3;0.629830245;0.184539347;0.730499003;0;0.990299989;0;0
5016;M;255;RED;VAL;2016;2;Y;#N/A;#N/A;#N/A;0.773243163;0.072399328;0.624906362;0;0.895448922;0.242488025;0.358676276
5016;M;275;RED;VAL;2017;3;Y;1;#N/A;3;0.659838482;0.275763609;0.697482796;0.472258398;0.504915758;0.647707971;0.239692313
5016;M;265;RED;VAL;2017;4;Y;#N/A;#N/A;#N/A;0.875047433;0.107928956;0.468408654;0.071860985;0.810223262;0.31633346;0.348498653
5018;F;325;RED;VAL;2016;1;N;1;1;2;0.708780317;0.290768307;0.639298916;0;0.694222561;0.500117965;0.505415392
5029;M;285;RED;FRA;2016;1;Y;1;#N/A;3;0.840897001;0.233832281;0.430283916;0;0.895553207;0.17786472;0.395671116
5029;M;290;RED;FRA;2016;2;Y;#N/A;#N/A;#N/A;0.74532564;0.208175428;0.479302341;0;0.937536513;0.228889032;0.236883718
5029;M;295;RED;FRA;2017;3;Y;0;#N/A;3;0.592357599;0.199272707;0.7420554;0.194815081;0.727078566;0.557635986;0.341709086
5030;M;310;RED;FRA;2016;1;Y;1;#N/A;3;0.630275032;0.228607325;0.686764271;0.154387121;0.662347434;0.596644598;0.390823646
5030;M;290;RED;FRA;2016;2;Y;#N/A;#N/A;#N/A;0.848032733;0.167380217;0.420747953;0.169204098;0.801337198;0.393058284;0.410302391
5030;M;310;RED;FRA;2017;3;Y;1;#N/A;3;0.70614022;0.279262668;0.639375502;0.737216545;0.112753862;0.651198391;0.083818583
5030;M;310;RED;FRA;2017;4;Y;#N/A;#N/A;#N/A;0.739012421;0.247955101;0.624726861;0.886488563;0.064180779;0.453767604;0
5040;M;295;RED;BOR;2016;1;Y;1;#N/A;3;0.750017546;0.209797106;0.626467162;0;0.838886532;0.144492605;0.51604201
5040;M;300;RED;BOR;2016;2;Y;#N/A;#N/A;#N/A;0.875894847;0.100395732;0.470442352;0.942476353;0;0;0.307875004
5040;M;290;RED;BOR;2017;3;Y;1;#N/A;3;0.864606928;0.173396155;0.469424676;0;0.885192872;0.326743946;0.322380205
5042;F;305;RED;FRA;2017;1;N;1;0;2;0.289551193;0.208610928;0.93185207;0.183497261;0.129289285;0.968770592;0.083131428
5051;M;325;RED-GREY;C03-17;2016;1;Y;1;#N/A;2;0.893087371;0.152998325;0.421919116;0.292000423;0.788171314;0.380119587;0.372873081
5051;M;340;RED-GREY;C03-17;2017;2;Y;0;#N/A;2;0.908950174;0.108966141;0.364397715;0.124726437;0.928531437;0.287494626;0.184773035
5079;M;260;RED;VAL;2016;1;N;0;#N/A;1;0.854786538;0.150184611;0.495576112;0;0.975558085;0;0.183996237
5081;M;275;RED;BOR;2016;1;N;0;#N/A;1;0.77860133;0.165968075;0.586149323;0;0.924384748;0.225781787;0.297232076
5089;M;295;RED;BOR;2016;1;Y;1;#N/A;3;0.463799218;0.377916005;0.78459513;0.086195011;0.705892943;0.391319532;0.510841305
5089;M;305;RED;BOR;2016;2;Y;#N/A;#N/A;#N/A;0.890937471;0.168980659;0.418947907;0.117784806;0.826784229;0.169837077;0.514304683
5089;M;310;RED;BOR;2017;3;Y;1;#N/A;3;0.497285545;0.464341849;0.728748529;0.08661815;0.183879895;0.551729672;0.800005102
5089;M;260;RED;BOR;2017;4;Y;#N/A;#N/A;#N/A;0.929641472;0.080034897;0.336701666;0.107019828;0.897034967;0.350732757;0.13563102
5090;M;295;RED;VAL;2016;1;N;1;#N/A;2;0.769178343;0.202878854;0.603289552;0;0.884496772;0.212464059;0.409066322
5095;M;290;RED;BOR;2016;1;Y;1;#N/A;2;0.168922499;0.237560644;0.955426737;0.13878963;0;0.882009855;0.440074579
5095;M;290;RED;BOR;2016;2;Y;#N/A;#N/A;#N/A;0.773076575;0.177741465;0.572273614;0;0.736732083;0.287805156;0.604912146
5110;F;360;RED-GREY;C06-04;2016;1;N;1;1;2;0.845342553;0.281687644;0.358945009;0.154252055;0.946502911;0.087614064;0.262545322
5118;F;355;RED-GREY;C03-17;2016;1;Y;1;1;2;0.786396923;0.163658767;0.593738613;0.873554127;0;0.235008581;0.417831984
5118;F;340;RED-GREY;C03-17;2017;2;Y;1;1;2;0.943711569;0.102086163;0.281848993;0.927763345;0.052655947;0.248377583;0.269791463
5120;M;320;RED-GREY;C06-04;2016;1;Y;0;#N/A;1;0.84538069;0.184371834;0.470564559;0.358285211;0.677300552;0.455739153;0.366129304
5120;M;340;RED-GREY;C06-04;2016;2;Y;#N/A;#N/A;#N/A;0.718760952;0.305822044;0.62383174;0.282333529;0.790762153;0.244386764;0.465913704
5123;M;315;RED-GREY;C06-04;2016;1;N;1;#N/A;1;0.854996961;0.120315083;0.427915169;0.10420933;0.900683698;0.388244501;0.090848751
5124;M;345;RED-GREY;C03-17;2016;1;Y;1;#N/A;2;0.853642011;0.113774383;0.506670205;0.909535997;0;0.221326237;0.327003367
5124;M;335;RED-GREY;C03-17;2016;2;Y;#N/A;#N/A;#N/A;0.805397752;0.483534075;0.340829959;0.99620388;0;0;0
5124;M;350;RED-GREY;C03-17;2017;3;Y;1;#N/A;2;0.95509244;0;0.26933066;0.974067731;0;0.156322245;0.148366032
5124;M;370;RED-GREY;C03-17;2017;4;Y;#N/A;#N/A;#N/A;0.89494436;0.098697221;0.423646708;0.93366322;0;0.278975875;0.210349568
5128;F;365;RED-GREY;C03-17;2016;1;N;0;1;1;0.706520691;0.570090408;0.416592219;0.976601107;0;0.140879045;0.15372023
5143;M;300;RED-GREY;Sal-Passat;2016;1;Y;1;#N/A;2;0.878029159;0.118783629;0.458945238;0.146664098;0.824176039;0.338410786;0.408930085
5143;M;305;RED-GREY;Sal-Passat;2016;2;Y;#N/A;#N/A;#N/A;0.811373084;0.325415636;0.424878839;0.119277711;0.745691172;0.302197364;0.57877526
5144;F;285;RED-GREY;Sal-Passat;2016;1;N;0;0;1;0.923456017;0.143014829;0.334415189;0;0.880909674;0.212536458;0.411343613
5146;F;350;RED-GREY;Sal-Passat;2016;1;Y;0;1;1;0.100750153;0.241212609;0.949456617;0.121803387;0.308408365;0.626696347;0.699428062
5146;F;335;RED-GREY;Sal-Passat;2016;2;Y;#N/A;#N/A;#N/A;0.216234453;0.28312775;0.930368889;0.133263845;0.879830465;0.221806733;0.39423492
5147;M;320;RED-GREY;Sal-Passat;2016;1;Y;1;#N/A;3;0.749529946;0.252804234;0.586991054;0;0.946567859;0.236240585;0.183961077
5147;M;315;RED-GREY;Sal-Passat;2016;2;Y;#N/A;#N/A;#N/A;0.945576079;0.132391178;0.295271266;0.08855843;0.657536625;0.217734039;0.708878416
5147;M;330;RED-GREY;Sal-Passat;2017;3;Y;1;#N/A;3;0.933011757;0;0.337617642;0;0.933433543;0.334367289;0.093657895
5147;M;315;RED-GREY;Sal-Passat;2017;4;Y;#N/A;#N/A;#N/A;0.946085891;0.132848635;0.290909091;0;0.813293812;0.524009192;0.204616946
5167;F;270;RED-GREY;C06-04;2016;1;Y;1;0;2;0.55152529;0.246462816;0.742024655;0.870627183;0.334155028;0;0.342407011
5167;F;275;RED-GREY;C06-04;2016;2;Y;#N/A;#N/A;#N/A;0.622274258;0.415268057;0.48463272;0.170530107;0.612392922;0.183093291;0.748514569
5167;F;350;RED-GREY;C06-04;2017;3;Y;1;1;2;0.814921479;0.149559248;0.558395462;0.109584315;0.922162839;0.276113665;0.239354998
5167;F;280;RED-GREY;C06-04;2017;4;Y;#N/A;#N/A;#N/A;0.797432276;0.164850105;0.575810158;0.308668235;0.621984884;0.452394485;0.539014517
5169;M;280;RED-GREY;C06-04;2016;1;Y;0;#N/A;1;0.693418708;0.232652465;0.58694167;0.231102032;0.839489618;0.202588461;0.435750414
5169;M;320;RED-GREY;C06-04;2017;2;Y;0;#N/A;1;0.675391196;0.232581545;0.698584264;0.586592816;0.585291057;0.481439184;0.23005014
5169;M;340;RED-GREY;C06-04;2017;3;Y;#N/A;#N/A;#N/A;0.799877481;0.233404514;0.551713971;0.240092596;0.886073057;0.36271506;0.138841403
5172;M;325;RED-GREY;C06-04;2016;1;Y;1;#N/A;2;0.527166327;0.260599527;0.783827661;0.817871837;0;0.192695045;0.53313178
5172;M;330;RED-GREY;C06-04;2016;2;Y;#N/A;#N/A;#N/A;0.665252493;0.271918129;0.610820532;0.325934167;0.843169681;0.395467331;0.144062198
5172;M;330;RED-GREY;C06-04;2017;3;Y;1;#N/A;2;0.533708813;0.105320871;0.782438504;0;0.932957392;0.216881725;0.276896641
5173;F;265;RED-GREY;C06-04;2016;1;Y;1;0;1;0.324039215;0.421310094;0.83769057;0.517187201;0.491804395;0.481026988;0.421489493
5173;F;300;RED-GREY;C06-04;2016;2;Y;#N/A;#N/A;#N/A;0.870330547;0.174751032;0.45949632;0.901064733;0.06680521;0.388668234;0.046671354
5175;M;315;RED-GREY;Sal-Passat;2016;1;Y;1;#N/A;2;0.720891097;0.293074068;0.592864313;0;0.753315073;0.363796628;0.534875734
5175;M;310;RED-GREY;Sal-Passat;2016;2;Y;#N/A;#N/A;#N/A;0.9425282;0.187192031;0.275827954;0;0.705853703;0.111660927;0.691488519
5203;F;320;RED-GREY;C03-17;2017;1;Y;1;0;2;0.739763256;0.247000622;0.59860426;0.070036327;0.96592309;0.190733825;0.063635066
5203;F;330;RED-GREY;C03-17;2017;2;Y;#N/A;#N/A;#N/A;0.776614064;0.237275378;0.569865573;0;0.876777506;0.37352569;0.25008086
5205;F;380;RED-GREY;C03-17;2017;1;N;0;0;1;0.664091991;0.132573349;0.718085966;0.77526372;0.146570914;0.501596014;0.314625853
5207;F;350;RED-GREY;C03-17;2017;1;N;1;1;2;0.713432579;0.199299528;0.659462837;0.138725466;0.879205396;0.371096783;0.259239935
5209;M;280;RED-GREY;C03-17;2017;1;N;0;#N/A;1;0.795043158;0.067715866;0.580288749;0.903242723;0.095810211;0.142285138;0.387479904
5210;F;330;RED-GREY;C03-17;2017;1;N;1;1;2;0.723613641;0.266398683;0.635352481;0.147606238;0.691776582;0.518528389;0.476997091
5211;M;330;RED-GREY;C03-17;2017;1;Y;1;#N/A;2;0.800594348;0.189435472;0.564193939;0.869934888;0.318209164;0.348388346;0.135907419
5211;M;340;RED-GREY;C03-17;2017;2;Y;#N/A;#N/A;#N/A;0.814855452;0.158573538;0.526395426;0.83412926;0;0.321796172;0.443236334
5214;M;320;RED-GREY;C03-17;2017;1;N;1;#N/A;2;0.870195198;0.141550816;0.457081719;0.186889225;0.947125705;0.181294422;0.177822996
5219;F;360;RED-GREY;C03-17;2017;1;N;1;1;2;0.758088446;0.158967473;0.590485019;0.750780421;0.088598514;0.392423478;0.483845951
5220;F;340;RED-GREY;C03-17;2017;1;N;0;0;1;0.86525737;0.079919711;0.492939084;0;0.857204398;0.260648048;0.388313845
5224;F;320;RED-GREY;C03-17;2017;1;Y;1;1;2;0.64137407;0.220227536;0.719962361;0.656863447;0.299941879;0.622846751;0.292708363
5224;F;330;RED-GREY;C03-17;2017;2;Y;#N/A;#N/A;#N/A;0.754752112;0.153386889;0.624008911;0.792372744;0;0.480896261;0.292609478
5226;M;310;RED-GREY;C03-17;2017;1;N;0;#N/A;1;0.746968363;0.135969174;0.6389393;0.441394084;0.682067987;0.443810648;0.374681863
5228;F;340;RED-GREY;C03-17;2017;1;N;1;1;2;0.812726373;0.063603897;0.566709628;0;0.874237579;0.184674214;0.441252522
5231;F;330;RED-GREY;C03-17;2017;1;Y;1;1;2;0.897600717;0.164416116;0.404828761;0.813104707;0;0.091272972;0.134554161
5231;F;330;RED-GREY;C03-17;2017;2;Y;#N/A;#N/A;#N/A;0.776417147;0.112120918;0.580162014;0.390899617;0.824311383;0.294555502;0.225386901
5241;M;330;RED-GREY;C03-17;2017;1;Y;1;#N/A;1;0.547415347;0.224211997;0.745357204;0.560043984;0.303803275;0.654716595;0.401424555
5241;M;330;RED-GREY;C03-17;2017;2;Y;#N/A;#N/A;#N/A;0.672316844;0.194645551;0.672087356;0.596688142;0.541838194;0.469466744;0.300790604
5244;F;310;RED-GREY;C03-17;2017;1;Y;1;0;1;0.771183473;0.174143822;0.580103568;0.941117994;0.09977573;0.184175436;0.261183554
5244;F;290;RED-GREY;C03-17;2017;2;Y;#N/A;#N/A;#N/A;0.947618118;0.094772046;0.301813616;0.904854439;0.105108081;0.306021709;0.268795984
5245;F;290;RED-GREY;C03-17;2017;1;Y;1;0;1;0.832804323;0.039040374;0.54971885;0.961693827;0.050797365;0.22600212;0.132428328
5245;F;330;RED-GREY;C03-17;2017;2;Y;#N/A;#N/A;#N/A;0.82246884;0.261954675;0.462642516;0.364824805;0.784170871;0.386336551;0.313782497
5246;M;280;RED-GREY;C03-17;2017;1;N;0;#N/A;0;0.887287073;0.137751796;0.434391819;0;0.983856131;0.12077792;0.104140095
5247;F;340;RED-GREY;C03-17;2017;1;Y;1;1;1;0.843057158;0.129091717;0.520113662;0.879059923;0;0.07274525;0.467671951
5247;F;350;RED-GREY;C03-17;2017;2;Y;#N/A;#N/A;#N/A;0.882509023;0.084766169;0.449568091;0.741768933;0.555201674;0.285309567;0.239690664
5249;M;320;RED-GREY;C03-17;2017;1;N;0;#N/A;0;0.897231335;0.137447805;0.400733059;0.487482264;0.826927556;0.269035535;0.052396542
5268;F;310;RED-GREY;C03-17;2017;1;Y;1;0;1;0.74517046;0.149333698;0.597039002;0.135010415;0.896431656;0.397918838;0.068341557
5268;F;300;RED-GREY;C03-17;2017;2;Y;#N/A;#N/A;#N/A;0.654694711;0.142915003;0.720571895;0.760555785;0.388203408;0.326964753;0.261632391
5273;F;310;RED-GREY;C03-17;2017;1;N;0;0;0;0.805927312;0.221553859;0.526419042;0.947062738;0;0.127051904;0.290298026
5274;F;320;RED-GREY;C03-17;2017;1;N;0;#N/A;0;0.854973181;0;0.516517302;0.900125842;0;0.204760626;0.362063215
5302;M;205;RED-GREY;Sal-Passat;2016;1;N;0;#N/A;0;0.594607988;0.224793536;0.720629282;0.072561278;0.852147433;0.327031765;0.397006701
5307;M;290;RED;VAL;2016;1;Y;1;#N/A;2;0.59772951;0.218687019;0.770368306;0.175184966;0.835929855;0.298866016;0.414048347
5307;M;315;RED;VAL;2016;2;Y;#N/A;#N/A;#N/A;0.613717623;0.279032493;0.732821549;0;0.765024452;0.388640165;0.500950023
5307;M;330;RED;VAL;2017;3;Y;0;#N/A;2;0.833672962;0.239490252;0.496577713;0.670195088;0;0.591202871;0.282815091
5309;F;280;RED;FRA;2016;1;Y;1;1;1;0.814517821;0.201009449;0.531084714;0;0.80939817;0.410358087;0.413126735
5309;F;310;RED;FRA;2016;2;Y;#N/A;#N/A;#N/A;0.620546013;0.203120639;0.742520636;0;0.805731504;0.291179797;0.51016033
5312;M;330;RED;VAL;2016;1;N;0;#N/A;1;0.289202714;0.259666565;0.895218137;0.311596955;0.546538559;0.562312252;0.526741363
5314;M;300;RED;VAL;2017;1;Y;1;#N/A;2;0.555050369;0.312955876;0.76997833;0.096679681;0.747984555;0.593778922;0.270631241
5314;M;320;RED;VAL;2017;2;Y;#N/A;#N/A;#N/A;0.547388185;0.134541599;0.80710833;0.213801988;0.635872835;0.738724609;0
5318;M;215;RED;VAL;2016;1;N;0;#N/A;1;0.909733129;0.134782419;0.385978686;0;0.930354639;0.224300049;0.272844111
5319;M;310;RED;BOR;2016;1;N;0;#N/A;1;0.837633767;0.200620557;0.506734096;0.104962576;0.82572104;0.390250915;0.384710713
5320;F;290;RED;BOR;2016;1;Y;1;1;2;0.742784859;0.17402574;0.624276004;0;0.899361661;0.334908774;0.267349356
5320;F;310;RED;BOR;2017;2;Y;1;0;2;0.725534198;0.197899689;0.637748537;0;0.793790478;0.542337991;0.267539866
5322;M;320;RED;BOR;2016;1;N;0;#N/A;1;0.905720008;0;0.420421179;0;0.892816101;0.259837815;0.361875467
5325;M;320;RED-GREY;Sal-Passat;2016;1;Y;1;#N/A;1;0.67377193;0.415863416;0.586672562;0;0.889743674;0.418121847;0.170130225
5325;M;325;RED-GREY;Sal-Passat;2017;2;Y;0;#N/A;1;0.643743775;0.21532841;0.732212904;0;0.814457476;0.50729174;0.23974147
5326;M;305;RED;FRA;2016;1;N;1;#N/A;1;0.621063246;0.371391726;0.663075021;0;0.898969962;0.271561497;0.330863108
5327;M;320;RED;VAL;2016;1;Y;1;#N/A;2;0.957197512;0.054838246;0.274771503;0;0.966133026;0.066678416;0.231036657
5327;M;340;RED;VAL;2017;2;Y;1;#N/A;2;0.996883814;0;0.0647432;0;0.989856748;0;0
5328;M;280;RED;BOR;2016;1;N;0;#N/A;1;0.70661705;0.248016421;0.661939562;0;0.962301664;0.122848786;0.229020706
5331;M;275;RED;FRA;2016;1;N;1;#N/A;1;0.401220081;0.341690384;0.798713503;0.286077984;0.483882151;0.67905244;0.416509652
5334;M;250;RED;BOR;2016;1;N;1;#N/A;1;0.498968923;0.221654478;0.835348909;0;0.601014944;0.671904646;0.421122791
5337;M;275;RED;BOR;2016;1;N;1;#N/A;1;0.791172291;0.23772407;0.533738154;0.091803947;0.824547101;0.301497005;0.45963647
5338;M;310;RED;BOR;2016;1;N;1;#N/A;1;0.689983771;0.277246918;0.640712971;0.168198122;0.803621924;0.312187013;0.46294108
5339;M;215;RED;VAL;2016;1;N;0;#N/A;0;0.626700238;0.062186947;0.774918625;0;0.830433634;0.117833511;0.534048756
5340;M;320;RED-GREY;Sal-Passat;2017;1;Y;1;#N/A;1;0.580526022;0.333422753;0.71543606;0.608061205;0.647807522;0.38780061;0.212428511
5340;M;345;RED-GREY;Sal-Passat;2017;2;Y;#N/A;#N/A;#N/A;0.600267231;0.136570393;0.772249498;0.06852741;0.665613667;0.600237892;0.432606059
5341;M;315;RED;VAL;2016;1;N;1;#N/A;1;0.70317335;0.246634581;0.603948172;0;0.852218818;0.256302402;0.446831633
5342;M;270;RED;VAL;2016;1;Y;1;#N/A;2;0.587795542;0.17240528;0.746996031;0;0.793451652;0.449763384;0.400048
5342;M;310;RED;VAL;2017;2;Y;1;#N/A;2;0.728315781;0.152310354;0.658525409;0.156245133;0.739680231;0.448208605;0.449498574
5343;M;285;RED;BOR;2016;1;N;1;#N/A;2;0.910154781;0;0.412257764;0;0.982988973;0;0.154751253
5344;M;280;RED;VAL;2017;1;N;0;#N/A;1;0.204116079;0.379005832;0.89611075;0.672308322;0.084853319;0.713408607;0.093360555
5346;M;310;RED;BOR;2016;1;N;1;#N/A;1;0.560310146;0.3992195;0.671508483;0;0.890433483;0.242243075;0.377978606
5347;F;305;RED;VAL;2017;1;N;1;0;1;0.804374585;0.055147083;0.578534873;0.076286904;0.787095435;0.410382391;0.408741231
5348;M;210;RED;FRA;2016;1;N;0;#N/A;0;0.835213665;0.170716826;0.517839389;0;0.978044781;0;0
5349;F;225;RED;VAL;2016;1;N;0;0;0;0.680807342;0.121098902;0.687651775;0;0.776113063;0.295904438;0.515679692
5377;M;330;RED-GREY;C03-17;2016;1;Y;1;#N/A;2;0.488759251;0.626353101;0.565610958;0.774149078;0;0.591847317;0.195354519
5377;M;340;RED-GREY;C03-17;2017;2;Y;1;#N/A;2;0.848746877;0.148008044;0.480015627;0.899505972;0.1703848;0.360636342;0.08247279
5377;M;320;RED-GREY;C03-17;2017;3;Y;#N/A;#N/A;#N/A;0.85882255;0.092935985;0.441273809;0.425158615;0.778616645;0.38261914;0.192500578
5378;F;320;RED-GREY;C06-04;2016;1;Y;1;1;2;0.586346911;0.324148762;0.707891467;0.921924337;0;0.173571979;0.334904328
5378;F;355;RED-GREY;C06-04;2016;2;Y;#N/A;#N/A;#N/A;0.745780649;0.244881355;0.615036082;0.896879598;0.197718328;0.281269869;0.268566113
5378;F;370;RED-GREY;C06-04;2017;3;Y;0;#N/A;2;0.704258084;0.45395638;0.525773755;0.896065265;0;0.434350667;0.056632973
5381;F;355;RED-GREY;C03-17;2016;1;N;0;1;0;0.625487234;0.458464819;0.57565601;0.194046307;0.843043874;0.457258354;0.177164607
5382;M;295;RED-GREY;C06-04;2016;1;N;0;#N/A;0;0.619278691;0.389796869;0.666318896;0.158190526;0.897112541;0.291869824;0.268319821
5385;F;305;RED-GREY;C03-17;2016;1;N;0;0;0;0.759495087;0.476795112;0.440873854;0;0.569910382;0.289100344;0.761314034
5386;M;290;RED-GREY;C03-17;2016;1;N;0;#N/A;0;0.712871961;0.305112015;0.630605565;0.166292429;0.75498582;0.291943526;0.558385798
5387;M;320;RED-GREY;C03-17;2016;1;Y;1;#N/A;1;0.821073279;0.34116859;0.455980053;0.654067011;0.082887255;0.243805377;0.703531808
5387;M;340;RED-GREY;C03-17;2017;2;Y;0;#N/A;1;0.87713645;0.104745184;0.464248506;0.122588583;0.977508034;0.090717832;0.128064335
5388;M;275;RED-GREY;C06-04;2016;1;Y;1;#N/A;1;0.820801216;0.196048771;0.453638115;0.113605255;0.803081332;0.20027457;0.537715692
5388;M;285;RED-GREY;C06-04;2016;2;Y;#N/A;#N/A;#N/A;0.865660574;0.099631233;0.471979388;0.208903498;0.917731337;0.186814694;0.271753104
5389;F;275;RED-GREY;C06-04;2016;1;N;1;0;1;0.679258526;0.217075414;0.698567565;0.825807246;0;0.460872811;0.305840577
5390;F;305;RED-GREY;Sal-Passat;2016;1;N;1;1;1;0.801214696;0.203036987;0.549158211;0;0.820993159;0.398977319;0.396037484
5396;M;290;RED-GREY;Sal-Passat;2016;1;Y;1;#N/A;2;0.915703977;0.128018532;0.379546694;0;0.926555334;0.231254699;0.279515947
5396;M;310;RED-GREY;Sal-Passat;2017;2;Y;1;#N/A;2;0.871732286;0.13033017;0.469722623;0;0.792527744;0.475201571;0.37473587
5396;M;320;RED-GREY;Sal-Passat;2017;3;Y;#N/A;#N/A;#N/A;0.885085741;0.098883219;0.452819199;0;0.899221584;0.333228954;0.278649576
5400;M;320;RED-GREY;C03-17;2016;1;N;0;#N/A;0;0.553121748;0.516720277;0.530832226;0.719346905;0;0.623180325;0.079992735
5406;F;290;RED;VAL;2017;1;N;1;0;1;0.679119427;0.079862448;0.717222826;0;0.953734784;0.246432437;0
5422;M;315;RED-GREY;Sal-Passat;2017;1;Y;1;#N/A;1;0.647949402;0.201249972;0.733430885;0;0.963493362;0.197856138;0.156619307
5422;M;295;RED-GREY;Sal-Passat;2017;2;Y;#N/A;#N/A;#N/A;0.785244279;0.207667118;0.581085202;0.087655905;0.849085524;0.37397222;0.358058361
5448;M;230;RED;BOR;2017;1;Y;1;#N/A;1;0.678988208;0.430478026;0.588632124;0;0.825711013;0.312974509;0.375894164
5448;M;315;RED;BOR;2017;2;Y;#N/A;#N/A;#N/A;0.914298419;0.120118793;0.344968539;0;0.666736475;0.742521536;0
5449;M;295;RED;BOR;2017;1;Y;1;#N/A;1;0.665973014;0.546376147;0.490069078;0;0.941142006;0.325994384;0
5449;M;305;RED;BOR;2017;2;Y;#N/A;#N/A;#N/A;0.923736071;0.117779707;0.361616694;0.065159554;0.952073441;0.288810754;0
5476;M;285;RED;BOR;2017;1;N;0;#N/A;1;0.391936867;0.480110385;0.759033222;0;0.712847711;0.497832761;0.465676213
5477;M;300;RED;BOR;2017;1;Y;1;#N/A;1;0.77600377;0.3079365;0.547534013;0;0.572547961;0.815703233;0
5477;M;295;RED;BOR;2017;2;Y;#N/A;#N/A;#N/A;0.915643198;0.156552754;0.367434284;0;0.855936526;0.379073993;0.299882311
5484;M;310;RED;BOR;2017;1;N;0;#N/A;#N/A;0.567517154;0.383117412;0.727362791;0.124651507;0.508527106;0.816781803;0
5486;F;320;RED;BOR;2017;1;N;1;1;1;0.894988125;0.187644534;0.402076334;0;0.968688988;0.19713521;0.103403302
5527;F;290;RED;FRA;2017;1;N;0;1;#N/A;0.287156853;0.333645505;0.889173182;0.180335174;0.722896016;0.638729857;0.065184784
5531;F;300;RED;VAL;2017;1;N;1;0;#N/A;0.788277732;0.301139466;0.534642668;0;0.937306986;0.340707242;0
5534;M;250;RED;FRA;2017;1;Y;1;#N/A;1;0.68902709;0.373357406;0.585073285;0.808910491;0.099472557;0.399894223;0.412520046
5534;M;250;RED;FRA;2017;2;Y;#N/A;#N/A;#N/A;0.786712427;0.293388986;0.527470457;0;0.791165223;0.42927671;0.430765426
5542;M;310;RED;VAL;2017;1;Y;1;#N/A;1;0.764253821;0.295827635;0.55323983;0.12721905;0.79549238;0.461927875;0.348506192
5542;M;315;RED;VAL;2017;2;Y;#N/A;#N/A;#N/A;0.871757648;0.174354342;0.439168736;0.079236646;0.848984312;0.401816439;0.302461998
5543;M;285;RED;VAL;2017;1;Y;1;#N/A;1;0.899130378;0.285673833;0.32677882;0.074982037;0.882571511;0.34890495;0.284818956
5543;M;295;RED;VAL;2017;2;Y;#N/A;#N/A;#N/A;0.885754904;0.152968529;0.432114874;0;0.808810783;0.370028847;0.450787641
5544;F;280;RED;VAL;2017;1;N;0;1;#N/A;0.103680261;0.345415967;0.924638005;0.64362869;0.076511098;0.720307646;0.194114699
5545;F;300;RED;FRA;2017;1;Y;1;1;1;0.780880045;0.327155147;0.529169795;0.06509463;0.806836147;0.395850683;0.425345576
5545;F;330;RED;FRA;2017;2;Y;#N/A;#N/A;#N/A;0.776400652;0.177064331;0.59157809;0.1504989;0.859437193;0.446434592;0
5548;F;280;RED;VAL;2017;1;Y;1;0;1;0.813071171;0.272364046;0.512533731;0.083282269;0.763273064;0.600087694;0
5548;F;275;RED;VAL;2017;2;Y;#N/A;#N/A;#N/A;0.857291232;0.064319412;0.464302717;0.758861809;0;0.565029567;0.260961138
5566;M;290;RED;BOR;2017;1;N;0;#N/A;#N/A;0.397597044;0.558695864;0.724173236;0;0.903535928;0.418745666;0
5568;M;290;RED;FRA;2017;1;Y;1;#N/A;1;0.750495686;0.268641144;0.602043458;0.072714944;0.915392959;0.341032401;0.19083119
5568;M;270;RED;FRA;2017;2;Y;#N/A;#N/A;#N/A;0.827620742;0.217454279;0.513960618;0;0.876904502;0.296216456;0.372987793
5571;F;335;RED;FRA;2017;1;N;0;1;#N/A;0.817918663;0.269897774;0.505934269;0;0.829457748;0.455773038;0.247507351
5572;F;280;RED;VAL;2017;1;Y;1;0;1;0.518761942;0.359719075;0.752148284;0.821269855;0.039810432;0.455064653;0.314035246
5572;F;305;RED;VAL;2017;2;Y;#N/A;#N/A;#N/A;0.856447663;0.161757888;0.477279758;0;0.866438594;0.47885518;0
5573;M;300;RED;VAL;2017;1;N;0;#N/A;#N/A;0.70662538;0.269060779;0.620908262;0;0.81935431;0.446718882;0.328947904
5574;M;270;RED;VAL;2017;1;N;1;#N/A;1;0.867441735;0.183791734;0.458907997;0;0.858404;0.349746421;0.367793958
5575;F;340;RED;FRA;2017;1;N;0;1;#N/A;0.707040198;0.295005211;0.634399628;0.096679681;0.855647009;0.461911745;0.196362332
5578;F;290;RED-GREY;Sal-Passat;2017;1;N;0;0;1;0.733667966;0.095607284;0.671776427;0.87932136;0.368771012;0.270058857;0
